TransactionID,Amount,Anomaly_Status,Risk_Score
1,2000000,Normal,-0.6746915520891043
2,7000000,Normal,-0.47810310451069393
3,15000000,Normal,-0.1635615883852374
4,300000,Normal,-0.7415316242657638
5,12000000,Normal,-0.2815146569322836
6,4500000,Normal,-0.5763973282998991
7,800000,Normal,-0.7218727795079227
8,20000000,Normal,0.033026859193172935
9,55000000,Normal,1.4091459922420453
10,75000000,High Anomaly,2.195499782555687
